day,title,service
1,Christmas Under the Northern Lights,Netflix
2,That Christmas,Netflix
3,A Merry Little Ex-Mas,Netflix
4,A Castle for Christmas,Netflix
5,Operation Christmas Drop,Netflix
6,All I Need for Christmas,Netflix
7,Falling For Christmas,Netflix
8,Dear Santa,Paramount
9,A Very Jonas Christmas Movie,Disney
10,The Holiday,Disney
11,Engaged by Christmas,Paramount
12,A 90's Christmas,Paramount
13,The Christmas Charade,Paramount
14,Haul Out the Holly,Netflix
15,Single All the Way,Netflix
16,The Knight Before Christmas,Netflix
17,Catering Christmas,Netflix
18,Christmas Under the Lights,Netflix
19,Carry-On,Netflix